train_accuracy,train_loss,val_accuracy,val_loss,average_val_accuracy,average_val_loss,name
0.3291139304637909,1.1077520847320557,0.7053571343421936,1.0401594638824463,0.7104407906532287,1.0371954560279846,"512_[512, 256, 128]_0.05_Adam_0.1_0"
0.3291139304637909,1.100746750831604,0.7117117047309875,1.0669381618499756,0.7104407906532287,1.0371954560279846,"512_[512, 256, 128]_0.05_Adam_0.1_1"
0.3333333432674408,33.16352844238281,0.7117117047309875,1.0802416801452637,0.7104407906532287,1.0371954560279846,"512_[512, 256, 128]_0.05_Adam_0.1_2"
0.3386076092720032,1.109079360961914,0.7117117047309875,1.0303406715393066,0.7104407906532287,1.0371954560279846,"512_[512, 256, 128]_0.05_Adam_0.1_3"
0.32278481125831604,114.18363189697266,0.7117117047309875,0.9682973027229309,0.7104407906532287,1.0371954560279846,"512_[512, 256, 128]_0.05_Adam_0.1_4"
0.34810125827789307,1.1074836254119873,0.7053571343421936,1.0037634372711182,0.7104407906532287,1.019355833530426,"512_[512, 256, 128]_0.1_Adam_0.1_0"
0.33438819646835327,1.1038265228271484,0.7117117047309875,0.9981060028076172,0.7104407906532287,1.019355833530426,"512_[512, 256, 128]_0.1_Adam_0.1_1"
0.31751054525375366,23.878013610839844,0.7117117047309875,1.0369341373443604,0.7104407906532287,1.019355833530426,"512_[512, 256, 128]_0.1_Adam_0.1_2"
0.33544304966926575,1.139664649963379,0.7117117047309875,0.9978836178779602,0.7104407906532287,1.019355833530426,"512_[512, 256, 128]_0.1_Adam_0.1_3"
0.3375527560710907,1.1020768880844116,0.7117117047309875,1.0600919723510742,0.7104407906532287,1.019355833530426,"512_[512, 256, 128]_0.1_Adam_0.1_4"
0.3037974536418915,1.0991235971450806,0.7053571343421936,1.0977964401245117,0.7104407906532287,1.0545507669448853,"512_[512, 256, 128]_0.15000000000000002_Adam_0.1_0"
0.32700422406196594,1.1058292388916016,0.7117117047309875,1.0799202919006348,0.7104407906532287,1.0545507669448853,"512_[512, 256, 128]_0.15000000000000002_Adam_0.1_1"
0.3586497902870178,1.1026203632354736,0.7117117047309875,1.0024094581604004,0.7104407906532287,1.0545507669448853,"512_[512, 256, 128]_0.15000000000000002_Adam_0.1_2"
0.34493669867515564,1.1032938957214355,0.7117117047309875,1.0433441400527954,0.7104407906532287,1.0545507669448853,"512_[512, 256, 128]_0.15000000000000002_Adam_0.1_3"
0.3291139304637909,1.108385682106018,0.7117117047309875,1.049283504486084,0.7104407906532287,1.0545507669448853,"512_[512, 256, 128]_0.15000000000000002_Adam_0.1_4"
0.3291139304637909,32.133087158203125,0.7053571343421936,1.013407826423645,0.7104407906532287,1.056826901435852,"512_[512, 256, 128]_0.2_Adam_0.1_0"
0.3291139304637909,42.756221771240234,0.7117117047309875,1.0385586023330688,0.7104407906532287,1.056826901435852,"512_[512, 256, 128]_0.2_Adam_0.1_1"
0.33016878366470337,1.1033799648284912,0.7117117047309875,1.0651042461395264,0.7104407906532287,1.056826901435852,"512_[512, 256, 128]_0.2_Adam_0.1_2"
0.32700422406196594,1.0998942852020264,0.7117117047309875,1.0902929306030273,0.7104407906532287,1.056826901435852,"512_[512, 256, 128]_0.2_Adam_0.1_3"
0.32594937086105347,1.1082149744033813,0.7117117047309875,1.0767709016799927,0.7104407906532287,1.056826901435852,"512_[512, 256, 128]_0.2_Adam_0.1_4"
0.7436708807945251,0.6128873825073242,0.7321428656578064,0.72804194688797,0.7049871325492859,1.0781874775886535,"512_[512, 256, 128]_0.05_Adam_0.01_0"
0.5770041942596436,0.8841376900672913,0.6666666865348816,1.0508581399917603,0.7049871325492859,1.0781874775886535,"512_[512, 256, 128]_0.05_Adam_0.01_1"
0.7921940684318542,0.4462103247642517,0.7207207083702087,1.0554189682006836,0.7049871325492859,1.0781874775886535,"512_[512, 256, 128]_0.05_Adam_0.01_2"
0.8080168962478638,0.4438014030456543,0.7027027010917664,1.1463769674301147,0.7049871325492859,1.0781874775886535,"512_[512, 256, 128]_0.05_Adam_0.01_3"
0.8364979028701782,0.32025599479675293,0.7027027010917664,1.4102413654327393,0.7049871325492859,1.0781874775886535,"512_[512, 256, 128]_0.05_Adam_0.01_4"
0.7616033554077148,0.5327556133270264,0.6875,0.8769243359565735,0.6942567586898803,0.9926845550537109,"512_[512, 256, 128]_0.1_Adam_0.01_0"
0.7067510485649109,0.7249906659126282,0.6756756901741028,0.8294826149940491,0.6942567586898803,0.9926845550537109,"512_[512, 256, 128]_0.1_Adam_0.01_1"
0.6666666865348816,0.7155418992042542,0.6666666865348816,1.4008924961090088,0.6942567586898803,0.9926845550537109,"512_[512, 256, 128]_0.1_Adam_0.01_2"
0.7183544039726257,0.6755079030990601,0.7117117047309875,0.7964833974838257,0.6942567586898803,0.9926845550537109,"512_[512, 256, 128]_0.1_Adam_0.01_3"
0.7964134812355042,0.40557897090911865,0.7297297120094299,1.0596399307250977,0.6942567586898803,0.9926845550537109,"512_[512, 256, 128]_0.1_Adam_0.01_4"
0.6919831037521362,0.6874906420707703,0.75,0.8148065209388733,0.7283783793449402,1.0024808168411254,"512_[512, 256, 128]_0.15000000000000002_Adam_0.01_0"
0.7879746556282043,0.517706573009491,0.7027027010917664,1.0383226871490479,0.7283783793449402,1.0024808168411254,"512_[512, 256, 128]_0.15000000000000002_Adam_0.01_1"
0.49789029359817505,1.0429250001907349,0.7567567825317383,0.9482170939445496,0.7283783793449402,1.0024808168411254,"512_[512, 256, 128]_0.15000000000000002_Adam_0.01_2"
0.7215189933776855,0.6395388841629028,0.7207207083702087,0.8473680019378662,0.7283783793449402,1.0024808168411254,"512_[512, 256, 128]_0.15000000000000002_Adam_0.01_3"
0.8206751346588135,0.3937153220176697,0.7117117047309875,1.3636897802352905,0.7283783793449402,1.0024808168411254,"512_[512, 256, 128]_0.15000000000000002_Adam_0.01_4"
0.7573839426040649,0.5063835978507996,0.6160714030265808,1.089245080947876,0.7178088784217834,0.9611573457717896,"512_[512, 256, 128]_0.2_Adam_0.01_0"
0.5791139006614685,0.9351121783256531,0.684684693813324,0.889492392539978,0.7178088784217834,0.9611573457717896,"512_[512, 256, 128]_0.2_Adam_0.01_1"
0.6603375673294067,0.7056831121444702,0.7567567825317383,1.0998990535736084,0.7178088784217834,0.9611573457717896,"512_[512, 256, 128]_0.2_Adam_0.01_2"
0.5654008388519287,0.894140362739563,0.7477477192878723,0.8289032578468323,0.7178088784217834,0.9611573457717896,"512_[512, 256, 128]_0.2_Adam_0.01_3"
0.7194092869758606,0.6346431970596313,0.7837837934494019,0.8982469439506531,0.7178088784217834,0.9611573457717896,"512_[512, 256, 128]_0.2_Adam_0.01_4"
0.7900843620300293,0.44455474615097046,0.7410714030265808,0.9168581366539001,0.7049710273742675,0.9116488575935364,"512_[512, 256, 128]_0.05_Adam_0.001_0"
0.8122363090515137,0.42555201053619385,0.6486486196517944,1.0129154920578003,0.7049710273742675,0.9116488575935364,"512_[512, 256, 128]_0.05_Adam_0.001_1"
0.8154008388519287,0.41871216893196106,0.7297297120094299,0.9305331110954285,0.7049710273742675,0.9116488575935364,"512_[512, 256, 128]_0.05_Adam_0.001_2"
0.7310126423835754,0.6323612928390503,0.684684693813324,0.7407575845718384,0.7049710273742675,0.9116488575935364,"512_[512, 256, 128]_0.05_Adam_0.001_3"
0.8417721390724182,0.3623250126838684,0.7207207083702087,0.9571799635887146,0.7049710273742675,0.9116488575935364,"512_[512, 256, 128]_0.05_Adam_0.001_4"
0.7267932295799255,0.5811569094657898,0.7321428656578064,0.7780658602714539,0.7248069405555725,0.8397650480270386,"512_[512, 256, 128]_0.1_Adam_0.001_0"
0.649789035320282,0.7771483659744263,0.7297297120094299,0.789273738861084,0.7248069405555725,0.8397650480270386,"512_[512, 256, 128]_0.1_Adam_0.001_1"
0.8069620132446289,0.42340078949928284,0.7207207083702087,0.9809969663619995,0.7248069405555725,0.8397650480270386,"512_[512, 256, 128]_0.1_Adam_0.001_2"
0.8101266026496887,0.4266505539417267,0.7117117047309875,0.8526933193206787,0.7248069405555725,0.8397650480270386,"512_[512, 256, 128]_0.1_Adam_0.001_3"
0.7267932295799255,0.6330700516700745,0.7297297120094299,0.7977953553199768,0.7248069405555725,0.8397650480270386,"512_[512, 256, 128]_0.1_Adam_0.001_4"
0.7594936490058899,0.5520864129066467,0.6785714030265808,0.8798157572746277,0.7014800429344177,1.0031071424484252,"512_[512, 256, 128]_0.15000000000000002_Adam_0.001_0"
0.8037974834442139,0.4602111577987671,0.7117117047309875,0.980324387550354,0.7014800429344177,1.0031071424484252,"512_[512, 256, 128]_0.15000000000000002_Adam_0.001_1"
0.9018987417221069,0.24307368695735931,0.684684693813324,1.1217865943908691,0.7014800429344177,1.0031071424484252,"512_[512, 256, 128]_0.15000000000000002_Adam_0.001_2"
0.7943037748336792,0.4586917757987976,0.7387387156486511,0.9421250224113464,0.7014800429344177,1.0031071424484252,"512_[512, 256, 128]_0.15000000000000002_Adam_0.001_3"
0.8597046136856079,0.31557518243789673,0.6936936974525452,1.0914839506149292,0.7014800429344177,1.0031071424484252,"512_[512, 256, 128]_0.15000000000000002_Adam_0.001_4"
0.8354430198669434,0.3569434583187103,0.7142857313156128,0.9716018438339233,0.7014157056808472,0.9031966090202331,"512_[512, 256, 128]_0.2_Adam_0.001_0"
0.6360759735107422,0.8031616806983948,0.6936936974525452,0.8167511820793152,0.7014157056808472,0.9031966090202331,"512_[512, 256, 128]_0.2_Adam_0.001_1"
0.747890293598175,0.5726432800292969,0.7117117047309875,0.8100489974021912,0.7014157056808472,0.9031966090202331,"512_[512, 256, 128]_0.2_Adam_0.001_2"
0.804852306842804,0.4536987245082855,0.684684693813324,0.9135890603065491,0.7014157056808472,0.9031966090202331,"512_[512, 256, 128]_0.2_Adam_0.001_3"
0.8333333134651184,0.37041208148002625,0.7027027010917664,1.003991961479187,0.7014157056808472,0.9031966090202331,"512_[512, 256, 128]_0.2_Adam_0.001_4"
0.7890295386314392,0.4652300179004669,0.7321428656578064,0.7903667688369751,0.6779601097106933,0.7980171322822571,"512_[512, 256, 128]_0.05_Adam_0.0001_0"
0.6962025165557861,0.7263539433479309,0.6486486196517944,0.8292302489280701,0.6779601097106933,0.7980171322822571,"512_[512, 256, 128]_0.05_Adam_0.0001_1"
0.7130801677703857,0.661170482635498,0.6666666865348816,0.7919418215751648,0.6779601097106933,0.7980171322822571,"512_[512, 256, 128]_0.05_Adam_0.0001_2"
0.7373417615890503,0.5821341276168823,0.6756756901741028,0.7527443170547485,0.6779601097106933,0.7980171322822571,"512_[512, 256, 128]_0.05_Adam_0.0001_3"
0.6518987417221069,0.7950944304466248,0.6666666865348816,0.8258025050163269,0.6779601097106933,0.7980171322822571,"512_[512, 256, 128]_0.05_Adam_0.0001_4"
0.6740506291389465,0.7267065048217773,0.6696428656578064,0.7741845846176147,0.6582528948783875,0.8329905152320862,"512_[512, 256, 128]_0.1_Adam_0.0001_0"
0.6962025165557861,0.7219153046607971,0.6576576828956604,0.8408435583114624,0.6582528948783875,0.8329905152320862,"512_[512, 256, 128]_0.1_Adam_0.0001_1"
0.7415611743927002,0.595721960067749,0.630630612373352,0.8755658268928528,0.6582528948783875,0.8329905152320862,"512_[512, 256, 128]_0.1_Adam_0.0001_2"
0.6371307969093323,0.7971964478492737,0.6486486196517944,0.7657349705696106,0.6582528948783875,0.8329905152320862,"512_[512, 256, 128]_0.1_Adam_0.0001_3"
0.8291139006614685,0.4078870117664337,0.684684693813324,0.9086236357688904,0.6582528948783875,0.8329905152320862,"512_[512, 256, 128]_0.1_Adam_0.0001_4"
0.7679324746131897,0.5355072617530823,0.6428571343421936,0.86604243516922,0.6601029515266419,0.8360831618309021,"512_[512, 256, 128]_0.15000000000000002_Adam_0.0001_0"
0.7204641103744507,0.6617645025253296,0.6396396160125732,0.9094982147216797,0.6601029515266419,0.8360831618309021,"512_[512, 256, 128]_0.15000000000000002_Adam_0.0001_1"
0.6107594966888428,0.8936267495155334,0.6396396160125732,0.8550056219100952,0.6601029515266419,0.8360831618309021,"512_[512, 256, 128]_0.15000000000000002_Adam_0.0001_2"
0.7204641103744507,0.637877345085144,0.6666666865348816,0.8027320504188538,0.6601029515266419,0.8360831618309021,"512_[512, 256, 128]_0.15000000000000002_Adam_0.0001_3"
0.7426160573959351,0.5917465090751648,0.7117117047309875,0.7471374869346619,0.6601029515266419,0.8360831618309021,"512_[512, 256, 128]_0.15000000000000002_Adam_0.0001_4"
0.5833333134651184,0.907721221446991,0.6517857313156128,0.8955988883972168,0.6618886709213256,0.8313107013702392,"512_[512, 256, 128]_0.2_Adam_0.0001_0"
0.6877636909484863,0.7279667854309082,0.6756756901741028,0.8464699983596802,0.6618886709213256,0.8313107013702392,"512_[512, 256, 128]_0.2_Adam_0.0001_1"
0.7130801677703857,0.636374831199646,0.6486486196517944,0.7764120697975159,0.6618886709213256,0.8313107013702392,"512_[512, 256, 128]_0.2_Adam_0.0001_2"
0.7763713002204895,0.5201447010040283,0.6486486196517944,0.8661109805107117,0.6618886709213256,0.8313107013702392,"512_[512, 256, 128]_0.2_Adam_0.0001_3"
0.6983122229576111,0.6933468580245972,0.684684693813324,0.7719615697860718,0.6618886709213256,0.8313107013702392,"512_[512, 256, 128]_0.2_Adam_0.0001_4"
0.37025317549705505,1.0969468355178833,0.4910714328289032,1.0907891988754272,0.5937097847461701,0.9966152429580688,"512_[512, 256, 128]_0.05_Adam_1e-05_0"
0.6983122229576111,0.7412139177322388,0.6036036014556885,0.9096738696098328,0.5937097847461701,0.9966152429580688,"512_[512, 256, 128]_0.05_Adam_1e-05_1"
0.34071728587150574,1.099355697631836,0.6126126050949097,1.0802772045135498,0.5937097847461701,0.9966152429580688,"512_[512, 256, 128]_0.05_Adam_1e-05_2"
0.3818565309047699,1.0948033332824707,0.6576576828956604,1.0834743976593018,0.5937097847461701,0.9966152429580688,"512_[512, 256, 128]_0.05_Adam_1e-05_3"
0.7289029359817505,0.6354698538780212,0.6036036014556885,0.8188615441322327,0.5937097847461701,0.9966152429580688,"512_[512, 256, 128]_0.05_Adam_1e-05_4"
0.6877636909484863,0.7176389694213867,0.6071428656578064,0.8658658266067505,0.6259330749511719,0.9245973587036133,"512_[512, 256, 128]_0.1_Adam_1e-05_0"
0.3459915518760681,1.0973546504974365,0.7207207083702087,1.0735830068588257,0.6259330749511719,0.9245973587036133,"512_[512, 256, 128]_0.1_Adam_1e-05_1"
0.6392405033111572,0.8433988094329834,0.5765765905380249,0.9126169085502625,0.6259330749511719,0.9245973587036133,"512_[512, 256, 128]_0.1_Adam_1e-05_2"
0.6181434392929077,0.7943441271781921,0.6216216087341309,0.9140417575836182,0.6259330749511719,0.9245973587036133,"512_[512, 256, 128]_0.1_Adam_1e-05_3"
0.6803797483444214,0.7123579382896423,0.6036036014556885,0.8568792939186096,0.6259330749511719,0.9245973587036133,"512_[512, 256, 128]_0.1_Adam_1e-05_4"
0.33016878366470337,1.0994319915771484,0.7321428656578064,1.0857008695602417,0.5896718144416809,0.9641788721084594,"512_[512, 256, 128]_0.15000000000000002_Adam_1e-05_0"
0.6434599161148071,0.8021090030670166,0.5855855941772461,0.9187048077583313,0.5896718144416809,0.9641788721084594,"512_[512, 256, 128]_0.15000000000000002_Adam_1e-05_1"
0.5485231876373291,1.0152283906936646,0.4144144058227539,1.0540375709533691,0.5896718144416809,0.9641788721084594,"512_[512, 256, 128]_0.15000000000000002_Adam_1e-05_2"
0.6624472737312317,0.7379654049873352,0.6216216087341309,0.8895823359489441,0.5896718144416809,0.9641788721084594,"512_[512, 256, 128]_0.15000000000000002_Adam_1e-05_3"
0.6919831037521362,0.7203503847122192,0.5945945978164673,0.8728687763214111,0.5896718144416809,0.9641788721084594,"512_[512, 256, 128]_0.15000000000000002_Adam_1e-05_4"
0.33016878366470337,1.0994154214859009,0.7053571343421936,1.0716177225112915,0.6203507065773011,0.9157219886779785,"512_[512, 256, 128]_0.2_Adam_1e-05_0"
0.6888185739517212,0.7343683242797852,0.6216216087341309,0.901943027973175,0.6203507065773011,0.9157219886779785,"512_[512, 256, 128]_0.2_Adam_1e-05_1"
0.6592826843261719,0.8000369668006897,0.5585585832595825,0.9009934663772583,0.6203507065773011,0.9157219886779785,"512_[512, 256, 128]_0.2_Adam_1e-05_2"
0.6455696225166321,0.7661797404289246,0.6126126050949097,0.8793962597846985,0.6203507065773011,0.9157219886779785,"512_[512, 256, 128]_0.2_Adam_1e-05_3"
0.7067510485649109,0.6972697377204895,0.6036036014556885,0.8246594667434692,0.6203507065773011,0.9157219886779785,"512_[512, 256, 128]_0.2_Adam_1e-05_4"
0.7246835231781006,0.6536825299263,0.7767857313156128,0.6756458282470703,0.7409427285194397,0.7307536363601684,"512_[512, 256, 128]_0.05_SGD_0.1_0"
0.8259493708610535,0.4484868049621582,0.684684693813324,0.866542398929596,0.7409427285194397,0.7307536363601684,"512_[512, 256, 128]_0.05_SGD_0.1_1"
0.6729958057403564,0.7192067503929138,0.7387387156486511,0.6670995354652405,0.7409427285194397,0.7307536363601684,"512_[512, 256, 128]_0.05_SGD_0.1_2"
0.7215189933776855,0.621746838092804,0.7297297120094299,0.7192674279212952,0.7409427285194397,0.7307536363601684,"512_[512, 256, 128]_0.05_SGD_0.1_3"
0.6645569801330566,0.728635847568512,0.7747747898101807,0.7252129912376404,0.7409427285194397,0.7307536363601684,"512_[512, 256, 128]_0.05_SGD_0.1_4"
0.7921940684318542,0.48418593406677246,0.75,0.7728390693664551,0.7355855822563171,0.7169965624809265,"512_[512, 256, 128]_0.1_SGD_0.1_0"
0.6339662671089172,0.8159523010253906,0.7027027010917664,0.7520710825920105,0.7355855822563171,0.7169965624809265,"512_[512, 256, 128]_0.1_SGD_0.1_1"
0.6318565607070923,0.7975927591323853,0.7387387156486511,0.684363842010498,0.7355855822563171,0.7169965624809265,"512_[512, 256, 128]_0.1_SGD_0.1_2"
0.6698312163352966,0.7522791028022766,0.7747747898101807,0.595027506351471,0.7355855822563171,0.7169965624809265,"512_[512, 256, 128]_0.1_SGD_0.1_3"
0.6824894547462463,0.7194071412086487,0.7117117047309875,0.780681312084198,0.7355855822563171,0.7169965624809265,"512_[512, 256, 128]_0.1_SGD_0.1_4"
0.43987342715263367,1.0680216550827026,0.7321428656578064,0.9402109980583191,0.7356177568435669,0.7849287271499634,"512_[512, 256, 128]_0.15000000000000002_SGD_0.1_0"
0.4124472439289093,1.0757801532745361,0.7117117047309875,0.9022644758224487,0.7356177568435669,0.7849287271499634,"512_[512, 256, 128]_0.15000000000000002_SGD_0.1_1"
0.6919831037521362,0.6759434938430786,0.7657657861709595,0.7007192373275757,0.7356177568435669,0.7849287271499634,"512_[512, 256, 128]_0.15000000000000002_SGD_0.1_2"
0.7394514679908752,0.5855833292007446,0.7297297120094299,0.6834774017333984,0.7356177568435669,0.7849287271499634,"512_[512, 256, 128]_0.15000000000000002_SGD_0.1_3"
0.6582278609275818,0.7635035514831543,0.7387387156486511,0.697971522808075,0.7356177568435669,0.7849287271499634,"512_[512, 256, 128]_0.15000000000000002_SGD_0.1_4"
0.50527423620224,1.0057690143585205,0.75,0.8000743985176086,0.7572072148323059,0.7226449608802795,"512_[512, 256, 128]_0.2_SGD_0.1_0"
0.6149789094924927,0.8658714294433594,0.7387387156486511,0.6897058486938477,0.7572072148323059,0.7226449608802795,"512_[512, 256, 128]_0.2_SGD_0.1_1"
0.5896624326705933,0.8750719428062439,0.7657657861709595,0.6722415685653687,0.7572072148323059,0.7226449608802795,"512_[512, 256, 128]_0.2_SGD_0.1_2"
0.6308016777038574,0.8184210062026978,0.7747747898101807,0.6332070827484131,0.7572072148323059,0.7226449608802795,"512_[512, 256, 128]_0.2_SGD_0.1_3"
0.7299578189849854,0.6300026178359985,0.7567567825317383,0.8179959058761597,0.7572072148323059,0.7226449608802795,"512_[512, 256, 128]_0.2_SGD_0.1_4"
0.6930379867553711,0.6973065137863159,0.7142857313156128,0.7793390154838562,0.6779922842979431,0.8314686059951782,"512_[512, 256, 128]_0.05_SGD_0.01_0"
0.6803797483444214,0.7538148760795593,0.6936936974525452,0.820037305355072,0.6779922842979431,0.8314686059951782,"512_[512, 256, 128]_0.05_SGD_0.01_1"
0.6582278609275818,0.7997607588768005,0.5945945978164673,0.9136063456535339,0.6779922842979431,0.8314686059951782,"512_[512, 256, 128]_0.05_SGD_0.01_2"
0.6455696225166321,0.7759606242179871,0.6576576828956604,0.8988949656486511,0.6779922842979431,0.8314686059951782,"512_[512, 256, 128]_0.05_SGD_0.01_3"
0.6919831037521362,0.7375860214233398,0.7297297120094299,0.7454653978347778,0.6779922842979431,0.8314686059951782,"512_[512, 256, 128]_0.05_SGD_0.01_4"
0.6339662671089172,0.8478043079376221,0.6517857313156128,0.8469495177268982,0.67269948720932,0.8233272552490234,"512_[512, 256, 128]_0.1_SGD_0.01_0"
0.699367105960846,0.7240051627159119,0.6936936974525452,0.8285737037658691,0.67269948720932,0.8233272552490234,"512_[512, 256, 128]_0.1_SGD_0.01_1"
0.6402953863143921,0.8231605887413025,0.684684693813324,0.8364842534065247,0.67269948720932,0.8233272552490234,"512_[512, 256, 128]_0.1_SGD_0.01_2"
0.6466244459152222,0.767194390296936,0.684684693813324,0.7909201979637146,0.67269948720932,0.8233272552490234,"512_[512, 256, 128]_0.1_SGD_0.01_3"
0.6350210905075073,0.8344799280166626,0.6486486196517944,0.8137086033821106,0.67269948720932,0.8233272552490234,"512_[512, 256, 128]_0.1_SGD_0.01_4"
0.647679328918457,0.8316619992256165,0.6607142686843872,0.8060860633850098,0.6726833939552307,0.829017949104309,"512_[512, 256, 128]_0.15000000000000002_SGD_0.01_0"
0.6191983222961426,0.8651505708694458,0.6666666865348816,0.8927999138832092,0.6726833939552307,0.829017949104309,"512_[512, 256, 128]_0.15000000000000002_SGD_0.01_1"
0.6635020971298218,0.783752977848053,0.6216216087341309,0.8762763738632202,0.6726833939552307,0.829017949104309,"512_[512, 256, 128]_0.15000000000000002_SGD_0.01_2"
0.6097046136856079,0.85322505235672,0.6756756901741028,0.8305631875991821,0.6726833939552307,0.829017949104309,"512_[512, 256, 128]_0.15000000000000002_SGD_0.01_3"
0.6940928101539612,0.7366018891334534,0.7387387156486511,0.7393642067909241,0.6726833939552307,0.829017949104309,"512_[512, 256, 128]_0.15000000000000002_SGD_0.01_4"
0.6666666865348816,0.7598233222961426,0.6160714030265808,0.8906883597373962,0.6637548327445983,0.8641743183135986,"512_[512, 256, 128]_0.2_SGD_0.01_0"
0.5886076092720032,0.9231013059616089,0.6036036014556885,0.9594523310661316,0.6637548327445983,0.8641743183135986,"512_[512, 256, 128]_0.2_SGD_0.01_1"
0.5833333134651184,0.8958965539932251,0.6576576828956604,0.8894705772399902,0.6637548327445983,0.8641743183135986,"512_[512, 256, 128]_0.2_SGD_0.01_2"
0.5886076092720032,0.8980413675308228,0.6576576828956604,0.9336382746696472,0.6637548327445983,0.8641743183135986,"512_[512, 256, 128]_0.2_SGD_0.01_3"
0.7035865187644958,0.7026422619819641,0.7837837934494019,0.6476220488548279,0.6637548327445983,0.8641743183135986,"512_[512, 256, 128]_0.2_SGD_0.01_4"
0.547468364238739,1.0700397491455078,0.4642857015132904,1.0899156332015991,0.5631274044513702,1.0446259021759032,"512_[512, 256, 128]_0.05_SGD_0.001_0"
0.5537974834442139,1.0593117475509644,0.5135135054588318,1.0677951574325562,0.5631274044513702,1.0446259021759032,"512_[512, 256, 128]_0.05_SGD_0.001_1"
0.37763711810112,1.0976226329803467,0.4954954981803894,1.08415687084198,0.5631274044513702,1.0446259021759032,"512_[512, 256, 128]_0.05_SGD_0.001_2"
0.3681434690952301,1.0996111631393433,0.7207207083702087,1.0785248279571533,0.5631274044513702,1.0446259021759032,"512_[512, 256, 128]_0.05_SGD_0.001_3"
0.6719409227371216,0.8098697066307068,0.6216216087341309,0.902737021446228,0.5631274044513702,1.0446259021759032,"512_[512, 256, 128]_0.05_SGD_0.001_4"
0.3765822649002075,1.0949223041534424,0.5803571343421936,1.0919517278671265,0.517873215675354,1.0434282302856446,"512_[512, 256, 128]_0.1_SGD_0.001_0"
0.37130802869796753,1.0898569822311401,0.315315306186676,1.085660457611084,0.517873215675354,1.0434282302856446,"512_[512, 256, 128]_0.1_SGD_0.001_1"
0.5200421810150146,1.0803065299987793,0.5315315127372742,1.0847591161727905,0.517873215675354,1.0434282302856446,"512_[512, 256, 128]_0.1_SGD_0.001_2"
0.5675105452537537,1.0185112953186035,0.5405405163764954,1.0694382190704346,0.517873215675354,1.0434282302856446,"512_[512, 256, 128]_0.1_SGD_0.001_3"
0.6751055121421814,0.7786053419113159,0.6216216087341309,0.8853316307067871,0.517873215675354,1.0434282302856446,"512_[512, 256, 128]_0.1_SGD_0.001_4"
0.39240506291389465,1.0899758338928223,0.4642857015132904,1.0952333211898804,0.5144787609577179,1.020900595188141,"512_[512, 256, 128]_0.15000000000000002_SGD_0.001_0"
0.37025317549705505,1.0979321002960205,0.4234234094619751,1.091722846031189,0.5144787609577179,1.020900595188141,"512_[512, 256, 128]_0.15000000000000002_SGD_0.001_1"
0.5981012582778931,0.8981446623802185,0.4954954981803894,0.9619641900062561,0.5144787609577179,1.020900595188141,"512_[512, 256, 128]_0.15000000000000002_SGD_0.001_2"
0.6065400838851929,0.8611683249473572,0.5945945978164673,0.9445807933807373,0.5144787609577179,1.020900595188141,"512_[512, 256, 128]_0.15000000000000002_SGD_0.001_3"
0.5812236070632935,0.9814949631690979,0.5945945978164673,1.0110018253326416,0.5144787609577179,1.020900595188141,"512_[512, 256, 128]_0.15000000000000002_SGD_0.001_4"
0.647679328918457,0.8392564058303833,0.5892857313156128,0.9048377275466919,0.5935328245162964,0.987789535522461,"512_[512, 256, 128]_0.2_SGD_0.001_0"
0.3597046434879303,1.0975630283355713,0.6666666865348816,1.086930274963379,0.5935328245162964,0.987789535522461,"512_[512, 256, 128]_0.2_SGD_0.001_1"
0.3554852306842804,1.0974897146224976,0.4954954981803894,1.0883426666259766,0.5935328245162964,0.987789535522461,"512_[512, 256, 128]_0.2_SGD_0.001_2"
0.6170886158943176,0.8566116094589233,0.630630612373352,0.9443984627723694,0.5935328245162964,0.987789535522461,"512_[512, 256, 128]_0.2_SGD_0.001_3"
0.6223628520965576,0.8382173776626587,0.5855855941772461,0.9144385457038879,0.5935328245162964,0.987789535522461,"512_[512, 256, 128]_0.2_SGD_0.001_4"
0.31751054525375366,1.099509835243225,0.2589285671710968,1.1032918691635132,0.33827219605445863,1.0971540451049804,"512_[512, 256, 128]_0.05_SGD_0.0001_0"
0.30485230684280396,1.0988398790359497,0.2432432472705841,1.0983723402023315,0.33827219605445863,1.0971540451049804,"512_[512, 256, 128]_0.05_SGD_0.0001_1"
0.5063291192054749,1.068371295928955,0.36036035418510437,1.0830657482147217,0.33827219605445863,1.0971540451049804,"512_[512, 256, 128]_0.05_SGD_0.0001_2"
0.36181434988975525,1.0957038402557373,0.19819819927215576,1.1091398000717163,0.33827219605445863,1.0971540451049804,"512_[512, 256, 128]_0.05_SGD_0.0001_3"
0.3154008388519287,1.101696491241455,0.630630612373352,1.0919004678726196,0.33827219605445863,1.0971540451049804,"512_[512, 256, 128]_0.05_SGD_0.0001_4"
0.3386076092720032,1.0998470783233643,0.6964285969734192,1.0636656284332275,0.5392857223749161,1.0853639125823975,"512_[512, 256, 128]_0.1_SGD_0.0001_0"
0.37763711810112,1.0926218032836914,0.23423422873020172,1.1225923299789429,0.5392857223749161,1.0853639125823975,"512_[512, 256, 128]_0.1_SGD_0.0001_1"
0.3945147693157196,1.0952218770980835,0.5675675868988037,1.0935155153274536,0.5392857223749161,1.0853639125823975,"512_[512, 256, 128]_0.1_SGD_0.0001_2"
0.33966243267059326,1.1039780378341675,0.7117117047309875,1.0551831722259521,0.5392857223749161,1.0853639125823975,"512_[512, 256, 128]_0.1_SGD_0.0001_3"
0.3850210905075073,1.0956320762634277,0.4864864945411682,1.0918629169464111,0.5392857223749161,1.0853639125823975,"512_[512, 256, 128]_0.1_SGD_0.0001_4"
0.4957805871963501,1.0833454132080078,0.4107142984867096,1.091947317123413,0.4028635799884796,1.0951378107070924,"512_[512, 256, 128]_0.15000000000000002_SGD_0.0001_0"
0.3386076092720032,1.0989607572555542,0.3513513505458832,1.096994400024414,0.4028635799884796,1.0951378107070924,"512_[512, 256, 128]_0.15000000000000002_SGD_0.0001_1"
0.3902953565120697,1.0939265489578247,0.14414414763450623,1.1097296476364136,0.4028635799884796,1.0951378107070924,"512_[512, 256, 128]_0.15000000000000002_SGD_0.0001_2"
0.3417721390724182,1.101184606552124,0.7207207083702087,1.0798563957214355,0.4028635799884796,1.0951378107070924,"512_[512, 256, 128]_0.15000000000000002_SGD_0.0001_3"
0.3375527560710907,1.0983678102493286,0.38738739490509033,1.0971612930297852,0.4028635799884796,1.0951378107070924,"512_[512, 256, 128]_0.15000000000000002_SGD_0.0001_4"
0.29535865783691406,1.104219675064087,0.6875,1.0795680284500122,0.41858107447624204,1.094834280014038,"512_[512, 256, 128]_0.2_SGD_0.0001_0"
0.33544304966926575,1.0997952222824097,0.12612612545490265,1.1042389869689941,0.41858107447624204,1.094834280014038,"512_[512, 256, 128]_0.2_SGD_0.0001_1"
0.35232067108154297,1.0992381572723389,0.6216216087341309,1.0869017839431763,0.41858107447624204,1.094834280014038,"512_[512, 256, 128]_0.2_SGD_0.0001_2"
0.3280590772628784,1.0983529090881348,0.23423422873020172,1.1063283681869507,0.41858107447624204,1.094834280014038,"512_[512, 256, 128]_0.2_SGD_0.0001_3"
0.32172995805740356,1.0981268882751465,0.4234234094619751,1.0971342325210571,0.41858107447624204,1.094834280014038,"512_[512, 256, 128]_0.2_SGD_0.0001_4"
0.3037974536418915,1.1015766859054565,0.1339285671710968,1.1046892404556274,0.37813706398010255,1.0950182676315308,"512_[512, 256, 128]_0.05_SGD_1e-05_0"
0.3322784900665283,1.1009283065795898,0.7117117047309875,1.0658291578292847,0.37813706398010255,1.0950182676315308,"512_[512, 256, 128]_0.05_SGD_1e-05_1"
0.34810125827789307,1.0995069742202759,0.5855855941772461,1.0881896018981934,0.37813706398010255,1.0950182676315308,"512_[512, 256, 128]_0.05_SGD_1e-05_2"
0.34388184547424316,1.0961202383041382,0.23423422873020172,1.1093899011611938,0.37813706398010255,1.0950182676315308,"512_[512, 256, 128]_0.05_SGD_1e-05_3"
0.3333333432674408,1.102303385734558,0.22522522509098053,1.1069934368133545,0.37813706398010255,1.0950182676315308,"512_[512, 256, 128]_0.05_SGD_1e-05_4"
0.3322784900665283,1.102313756942749,0.2321428507566452,1.1057302951812744,0.16714929193258285,1.1055446863174438,"512_[512, 256, 128]_0.1_SGD_1e-05_0"
0.36181434988975525,1.097406268119812,0.10810811072587967,1.1106606721878052,0.16714929193258285,1.1055446863174438,"512_[512, 256, 128]_0.1_SGD_1e-05_1"
0.3364979028701782,1.0974993705749512,0.2432432472705841,1.0903877019882202,0.16714929193258285,1.1055446863174438,"512_[512, 256, 128]_0.1_SGD_1e-05_2"
0.37974682450294495,1.0954715013504028,0.171171173453331,1.1153581142425537,0.16714929193258285,1.1055446863174438,"512_[512, 256, 128]_0.1_SGD_1e-05_3"
0.3364979028701782,1.0977894067764282,0.0810810774564743,1.1055866479873657,0.16714929193258285,1.1055446863174438,"512_[512, 256, 128]_0.1_SGD_1e-05_4"
0.2985232174396515,1.101880431175232,0.2142857164144516,1.0988699197769165,0.2698841720819473,1.1020868062973022,"512_[512, 256, 128]_0.15000000000000002_SGD_1e-05_0"
0.3037974536418915,1.1017931699752808,0.23423422873020172,1.1063340902328491,0.2698841720819473,1.1020868062973022,"512_[512, 256, 128]_0.15000000000000002_SGD_1e-05_1"
0.36603376269340515,1.0978978872299194,0.4864864945411682,1.0977290868759155,0.2698841720819473,1.1020868062973022,"512_[512, 256, 128]_0.15000000000000002_SGD_1e-05_2"
0.34071728587150574,1.0986359119415283,0.18918919563293457,1.1010733842849731,0.2698841720819473,1.1020868062973022,"512_[512, 256, 128]_0.15000000000000002_SGD_1e-05_3"
0.3280590772628784,1.0989696979522705,0.22522522509098053,1.106427550315857,0.2698841720819473,1.1020868062973022,"512_[512, 256, 128]_0.15000000000000002_SGD_1e-05_4"
0.33438819646835327,1.104339838027954,0.7053571343421936,1.0657798051834106,0.5356660157442092,1.085072898864746,"512_[512, 256, 128]_0.2_SGD_1e-05_0"
0.3544303774833679,1.0985296964645386,0.7117117047309875,1.0628678798675537,0.5356660157442092,1.085072898864746,"512_[512, 256, 128]_0.2_SGD_1e-05_1"
0.33122363686561584,1.101565957069397,0.7117117047309875,1.079820156097412,0.5356660157442092,1.085072898864746,"512_[512, 256, 128]_0.2_SGD_1e-05_2"
0.3333333432674408,1.0977622270584106,0.4144144058227539,1.0935856103897095,0.5356660157442092,1.085072898864746,"512_[512, 256, 128]_0.2_SGD_1e-05_3"
0.3544303774833679,1.0958330631256104,0.13513512909412384,1.1233110427856445,0.5356660157442092,1.085072898864746,"512_[512, 256, 128]_0.2_SGD_1e-05_4"
0.35654008388519287,17.42811393737793,0.7232142686843872,0.9939257502555847,0.7140122175216674,1.0052378296852111,"512_[512, 256, 128]_0.05_AdamW_0.1_0"
0.3417721390724182,17.698102951049805,0.7117117047309875,0.8324906826019287,0.7140122175216674,1.0052378296852111,"512_[512, 256, 128]_0.05_AdamW_0.1_1"
0.3586497902870178,1.1036016941070557,0.7117117047309875,1.047526478767395,0.7140122175216674,1.0052378296852111,"512_[512, 256, 128]_0.05_AdamW_0.1_2"
0.33966243267059326,1.1187208890914917,0.7117117047309875,1.0701830387115479,0.7140122175216674,1.0052378296852111,"512_[512, 256, 128]_0.05_AdamW_0.1_3"
0.3206751048564911,1.104854941368103,0.7117117047309875,1.0820631980895996,0.7140122175216674,1.0052378296852111,"512_[512, 256, 128]_0.05_AdamW_0.1_4"
0.324894517660141,15.316301345825195,0.7053571343421936,1.0029184818267822,0.7104407906532287,1.0272780418395997,"512_[512, 256, 128]_0.1_AdamW_0.1_0"
0.3322784900665283,1.1066279411315918,0.7117117047309875,1.0413187742233276,0.7104407906532287,1.0272780418395997,"512_[512, 256, 128]_0.1_AdamW_0.1_1"
0.36181434988975525,17.7907657623291,0.7117117047309875,1.0028505325317383,0.7104407906532287,1.0272780418395997,"512_[512, 256, 128]_0.1_AdamW_0.1_2"
0.3322784900665283,1.167790412902832,0.7117117047309875,1.0435824394226074,0.7104407906532287,1.0272780418395997,"512_[512, 256, 128]_0.1_AdamW_0.1_3"
0.3375527560710907,1.1069554090499878,0.7117117047309875,1.0457199811935425,0.7104407906532287,1.0272780418395997,"512_[512, 256, 128]_0.1_AdamW_0.1_4"
0.32700422406196594,1.1881961822509766,0.7053571343421936,1.0820019245147705,0.7104407906532287,1.0343162059783935,"512_[512, 256, 128]_0.15000000000000002_AdamW_0.1_0"
0.33544304966926575,1.1094008684158325,0.7117117047309875,1.0638773441314697,0.7104407906532287,1.0343162059783935,"512_[512, 256, 128]_0.15000000000000002_AdamW_0.1_1"
0.33016878366470337,1.1134493350982666,0.7117117047309875,1.05182683467865,0.7104407906532287,1.0343162059783935,"512_[512, 256, 128]_0.15000000000000002_AdamW_0.1_2"
0.35337552428245544,14.812430381774902,0.7117117047309875,1.0293524265289307,0.7104407906532287,1.0343162059783935,"512_[512, 256, 128]_0.15000000000000002_AdamW_0.1_3"
0.32700422406196594,26.77398681640625,0.7117117047309875,0.944522500038147,0.7104407906532287,1.0343162059783935,"512_[512, 256, 128]_0.15000000000000002_AdamW_0.1_4"
0.34071728587150574,1.1151424646377563,0.7053571343421936,0.9498586654663086,0.7104407906532287,1.0201355457305907,"512_[512, 256, 128]_0.2_AdamW_0.1_0"
0.3417721390724182,50.700565338134766,0.7117117047309875,1.073426365852356,0.7104407906532287,1.0201355457305907,"512_[512, 256, 128]_0.2_AdamW_0.1_1"
0.33966243267059326,1.1028598546981812,0.7117117047309875,0.9879393577575684,0.7104407906532287,1.0201355457305907,"512_[512, 256, 128]_0.2_AdamW_0.1_2"
0.31856539845466614,1.1104109287261963,0.7117117047309875,1.0487263202667236,0.7104407906532287,1.0201355457305907,"512_[512, 256, 128]_0.2_AdamW_0.1_3"
0.32594937086105347,1.131211519241333,0.7117117047309875,1.0407270193099976,0.7104407906532287,1.0201355457305907,"512_[512, 256, 128]_0.2_AdamW_0.1_4"
0.6487341523170471,0.7749289274215698,0.7232142686843872,0.7869995832443237,0.7248230338096618,1.0403622269630433,"512_[512, 256, 128]_0.05_AdamW_0.01_0"
0.8565400838851929,0.3353561758995056,0.6936936974525452,1.5032258033752441,0.7248230338096618,1.0403622269630433,"512_[512, 256, 128]_0.05_AdamW_0.01_1"
0.4430379867553711,1.0786566734313965,0.7657657861709595,0.9513519406318665,0.7248230338096618,1.0403622269630433,"512_[512, 256, 128]_0.05_AdamW_0.01_2"
0.7784810066223145,0.5218273997306824,0.7027027010917664,0.7981657981872559,0.7248230338096618,1.0403622269630433,"512_[512, 256, 128]_0.05_AdamW_0.01_3"
0.8481012582778931,0.3362359404563904,0.7387387156486511,1.1620680093765259,0.7248230338096618,1.0403622269630433,"512_[512, 256, 128]_0.05_AdamW_0.01_4"
0.474683552980423,1.0447818040847778,0.7410714030265808,0.899908185005188,0.7175836443901062,1.0774982690811157,"512_[512, 256, 128]_0.1_AdamW_0.01_0"
0.8428270220756531,0.3606882393360138,0.6666666865348816,1.487892508506775,0.7175836443901062,1.0774982690811157,"512_[512, 256, 128]_0.1_AdamW_0.01_1"
0.7299578189849854,0.5562251806259155,0.7207207083702087,1.2017830610275269,0.7175836443901062,1.0774982690811157,"512_[512, 256, 128]_0.1_AdamW_0.01_2"
0.7457805871963501,0.5772281885147095,0.7207207083702087,0.9607890248298645,0.7175836443901062,1.0774982690811157,"512_[512, 256, 128]_0.1_AdamW_0.01_3"
0.6582278609275818,0.8041256666183472,0.7387387156486511,0.8371185660362244,0.7175836443901062,1.0774982690811157,"512_[512, 256, 128]_0.1_AdamW_0.01_4"
0.7331223487854004,0.589299738407135,0.6875,0.8810201287269592,0.6978603601455688,1.0464553236961365,"512_[512, 256, 128]_0.15000000000000002_AdamW_0.01_0"
0.8196202516555786,0.41038525104522705,0.6576576828956604,1.2243770360946655,0.6978603601455688,1.0464553236961365,"512_[512, 256, 128]_0.15000000000000002_AdamW_0.01_1"
0.7943037748336792,0.45984745025634766,0.6576576828956604,1.2740052938461304,0.6978603601455688,1.0464553236961365,"512_[512, 256, 128]_0.15000000000000002_AdamW_0.01_2"
0.7204641103744507,0.588240921497345,0.7477477192878723,0.8053455352783203,0.6978603601455688,1.0464553236961365,"512_[512, 256, 128]_0.15000000000000002_AdamW_0.01_3"
0.753164529800415,0.5516269207000732,0.7387387156486511,1.047528624534607,0.6978603601455688,1.0464553236961365,"512_[512, 256, 128]_0.15000000000000002_AdamW_0.01_4"
0.5780590772628784,0.9088196158409119,0.7232142686843872,0.8031076192855835,0.7284266352653503,0.9301961421966553,"512_[512, 256, 128]_0.2_AdamW_0.01_0"
0.700421929359436,0.6848138570785522,0.7117117047309875,0.8626726865768433,0.7284266352653503,0.9301961421966553,"512_[512, 256, 128]_0.2_AdamW_0.01_1"
0.5822784900665283,0.8780991435050964,0.7387387156486511,0.8973165154457092,0.7284266352653503,0.9301961421966553,"512_[512, 256, 128]_0.2_AdamW_0.01_2"
0.4514767825603485,1.0324413776397705,0.7567567825317383,0.9527438282966614,0.7284266352653503,0.9301961421966553,"512_[512, 256, 128]_0.2_AdamW_0.01_3"
0.804852306842804,0.4358888268470764,0.7117117047309875,1.135140061378479,0.7284266352653503,0.9301961421966553,"512_[512, 256, 128]_0.2_AdamW_0.01_4"
0.6909282803535461,0.6996980309486389,0.6964285969734192,0.7347019910812378,0.7014478802680969,0.8244352579116822,"512_[512, 256, 128]_0.05_AdamW_0.001_0"
0.6635020971298218,0.7644389867782593,0.6756756901741028,0.7786818742752075,0.7014478802680969,0.8244352579116822,"512_[512, 256, 128]_0.05_AdamW_0.001_1"
0.8270041942596436,0.3735027313232422,0.6936936974525452,0.892379641532898,0.7014478802680969,0.8244352579116822,"512_[512, 256, 128]_0.05_AdamW_0.001_2"
0.7763713002204895,0.5041495561599731,0.7027027010917664,0.9080334901809692,0.7014478802680969,0.8244352579116822,"512_[512, 256, 128]_0.05_AdamW_0.001_3"
0.7668776512145996,0.5255160331726074,0.7387387156486511,0.8083792924880981,0.7014478802680969,0.8244352579116822,"512_[512, 256, 128]_0.05_AdamW_0.001_4"
0.7837553024291992,0.46804994344711304,0.7678571343421936,0.8668904304504395,0.7121299743652344,0.8304627299308777,"512_[512, 256, 128]_0.1_AdamW_0.001_0"
0.6561181545257568,0.7575891017913818,0.6396396160125732,0.7736833095550537,0.7121299743652344,0.8304627299308777,"512_[512, 256, 128]_0.1_AdamW_0.001_1"
0.8248944878578186,0.37086978554725647,0.7207207083702087,1.022855520248413,0.7121299743652344,0.8304627299308777,"512_[512, 256, 128]_0.1_AdamW_0.001_2"
0.6392405033111572,0.8081603646278381,0.7207207083702087,0.7473843097686768,0.7121299743652344,0.8304627299308777,"512_[512, 256, 128]_0.1_AdamW_0.001_3"
0.7088607549667358,0.6581503748893738,0.7117117047309875,0.7415000796318054,0.7121299743652344,0.8304627299308777,"512_[512, 256, 128]_0.1_AdamW_0.001_4"
0.8607594966888428,0.32403919100761414,0.6517857313156128,1.0570026636123657,0.6943211078643798,0.8778291702270508,"512_[512, 256, 128]_0.15000000000000002_AdamW_0.001_0"
0.7710970640182495,0.5663160085678101,0.6666666865348816,0.8968775272369385,0.6943211078643798,0.8778291702270508,"512_[512, 256, 128]_0.15000000000000002_AdamW_0.001_1"
0.6624472737312317,0.7330830693244934,0.7207207083702087,0.7874205708503723,0.6943211078643798,0.8778291702270508,"512_[512, 256, 128]_0.15000000000000002_AdamW_0.001_2"
0.8375527262687683,0.3642345666885376,0.7117117047309875,0.9242029786109924,0.6943211078643798,0.8778291702270508,"512_[512, 256, 128]_0.15000000000000002_AdamW_0.001_3"
0.6687763929367065,0.7417623996734619,0.7207207083702087,0.723642110824585,0.6943211078643798,0.8778291702270508,"512_[512, 256, 128]_0.15000000000000002_AdamW_0.001_4"
0.753164529800415,0.5373205542564392,0.7053571343421936,0.8624605536460876,0.6834137678146363,1.0668036460876464,"512_[512, 256, 128]_0.2_AdamW_0.001_0"
0.8291139006614685,0.399575412273407,0.6126126050949097,1.233471155166626,0.6834137678146363,1.0668036460876464,"512_[512, 256, 128]_0.2_AdamW_0.001_1"
0.8871307969093323,0.26227933168411255,0.6936936974525452,1.1716099977493286,0.6834137678146363,1.0668036460876464,"512_[512, 256, 128]_0.2_AdamW_0.001_2"
0.852320671081543,0.33558550477027893,0.684684693813324,0.9308026432991028,0.6834137678146363,1.0668036460876464,"512_[512, 256, 128]_0.2_AdamW_0.001_3"
0.8639240264892578,0.285396546125412,0.7207207083702087,1.1356738805770874,0.6834137678146363,1.0668036460876464,"512_[512, 256, 128]_0.2_AdamW_0.001_4"
0.7172995805740356,0.6297000646591187,0.6696428656578064,0.7816480398178101,0.670865511894226,0.8018686175346375,"512_[512, 256, 128]_0.05_AdamW_0.0001_0"
0.7710970640182495,0.5713956356048584,0.6756756901741028,0.8568248152732849,0.670865511894226,0.8018686175346375,"512_[512, 256, 128]_0.05_AdamW_0.0001_1"
0.7014768123626709,0.66754150390625,0.6396396160125732,0.827724277973175,0.670865511894226,0.8018686175346375,"512_[512, 256, 128]_0.05_AdamW_0.0001_2"
0.6814345717430115,0.7172985076904297,0.7117117047309875,0.7747020721435547,0.670865511894226,0.8018686175346375,"512_[512, 256, 128]_0.05_AdamW_0.0001_3"
0.6824894547462463,0.7198100090026855,0.6576576828956604,0.7684438824653625,0.670865511894226,0.8018686175346375,"512_[512, 256, 128]_0.05_AdamW_0.0001_4"
0.6613923907279968,0.7696205377578735,0.6696428656578064,0.8016943335533142,0.6654600977897644,0.8014573454856873,"512_[512, 256, 128]_0.1_AdamW_0.0001_0"
0.6983122229576111,0.7052290439605713,0.6486486196517944,0.8051121234893799,0.6654600977897644,0.8014573454856873,"512_[512, 256, 128]_0.1_AdamW_0.0001_1"
0.6297468543052673,0.8571860194206238,0.6576576828956604,0.8471987843513489,0.6654600977897644,0.8014573454856873,"512_[512, 256, 128]_0.1_AdamW_0.0001_2"
0.6645569801330566,0.7543323636054993,0.6486486196517944,0.7856484651565552,0.6654600977897644,0.8014573454856873,"512_[512, 256, 128]_0.1_AdamW_0.0001_3"
0.7668776512145996,0.5878463387489319,0.7027027010917664,0.7676330208778381,0.6654600977897644,0.8014573454856873,"512_[512, 256, 128]_0.1_AdamW_0.0001_4"
0.7056962251663208,0.6749932765960693,0.6517857313156128,0.7778287529945374,0.679906702041626,0.7928234577178955,"512_[512, 256, 128]_0.15000000000000002_AdamW_0.0001_0"
0.7394514679908752,0.6457924246788025,0.6576576828956604,0.8374710083007812,0.679906702041626,0.7928234577178955,"512_[512, 256, 128]_0.15000000000000002_AdamW_0.0001_1"
0.74472576379776,0.5640606880187988,0.6576576828956604,0.789932131767273,0.679906702041626,0.7928234577178955,"512_[512, 256, 128]_0.15000000000000002_AdamW_0.0001_2"
0.7753164768218994,0.5067467093467712,0.7117117047309875,0.7996111512184143,0.679906702041626,0.7928234577178955,"512_[512, 256, 128]_0.15000000000000002_AdamW_0.0001_3"
0.7700421810150146,0.5694868564605713,0.7207207083702087,0.7592742443084717,0.679906702041626,0.7928234577178955,"512_[512, 256, 128]_0.15000000000000002_AdamW_0.0001_4"
0.6867088675498962,0.6974246501922607,0.6517857313156128,0.8275223970413208,0.6582850575447082,0.8223412990570068,"512_[512, 256, 128]_0.2_AdamW_0.0001_0"
0.75527423620224,0.6288723349571228,0.7117117047309875,0.811384916305542,0.6582850575447082,0.8223412990570068,"512_[512, 256, 128]_0.2_AdamW_0.0001_1"
0.7088607549667358,0.6515134572982788,0.6486486196517944,0.8122598528862,0.6582850575447082,0.8223412990570068,"512_[512, 256, 128]_0.2_AdamW_0.0001_2"
0.7130801677703857,0.6564339399337769,0.630630612373352,0.8418706655502319,0.6582850575447082,0.8223412990570068,"512_[512, 256, 128]_0.2_AdamW_0.0001_3"
0.7362869381904602,0.622140109539032,0.6486486196517944,0.8186686635017395,0.6582850575447082,0.8223412990570068,"512_[512, 256, 128]_0.2_AdamW_0.0001_4"
0.7109704613685608,0.6604921221733093,0.6428571343421936,0.8473576307296753,0.6132561087608337,0.9282585382461548,"512_[512, 256, 128]_0.05_AdamW_1e-05_0"
0.695147693157196,0.7430759072303772,0.630630612373352,0.9002896547317505,0.6132561087608337,0.9282585382461548,"512_[512, 256, 128]_0.05_AdamW_1e-05_1"
0.6413502097129822,0.7952969074249268,0.5675675868988037,0.9116987586021423,0.6132561087608337,0.9282585382461548,"512_[512, 256, 128]_0.05_AdamW_1e-05_2"
0.652953565120697,0.7447569370269775,0.630630612373352,0.8992899060249329,0.6132561087608337,0.9282585382461548,"512_[512, 256, 128]_0.05_AdamW_1e-05_3"
0.4166666567325592,1.090057134628296,0.5945945978164673,1.082656741142273,0.6132561087608337,0.9282585382461548,"512_[512, 256, 128]_0.05_AdamW_1e-05_4"
0.6856539845466614,0.6860541701316833,0.625,0.8613389134407043,0.6024774789810181,0.8799421906471252,"512_[512, 256, 128]_0.1_AdamW_1e-05_0"
0.7373417615890503,0.6580076813697815,0.6216216087341309,0.898617148399353,0.6024774789810181,0.8799421906471252,"512_[512, 256, 128]_0.1_AdamW_1e-05_1"
0.6508438587188721,0.8280500173568726,0.5765765905380249,0.8999403119087219,0.6024774789810181,0.8799421906471252,"512_[512, 256, 128]_0.1_AdamW_1e-05_2"
0.6466244459152222,0.773857057094574,0.6036036014556885,0.8984736800193787,0.6024774789810181,0.8799421906471252,"512_[512, 256, 128]_0.1_AdamW_1e-05_3"
0.6835442781448364,0.7270673513412476,0.5855855941772461,0.8413408994674683,0.6024774789810181,0.8799421906471252,"512_[512, 256, 128]_0.1_AdamW_1e-05_4"
0.702531635761261,0.66097092628479,0.6339285969734192,0.8464298248291016,0.6060649991035462,0.8782228350639343,"512_[512, 256, 128]_0.15000000000000002_AdamW_1e-05_0"
0.7320675253868103,0.6794220209121704,0.6126126050949097,0.8942597508430481,0.6060649991035462,0.8782228350639343,"512_[512, 256, 128]_0.15000000000000002_AdamW_1e-05_1"
0.6350210905075073,0.8189276456832886,0.5675675868988037,0.908133864402771,0.6060649991035462,0.8782228350639343,"512_[512, 256, 128]_0.15000000000000002_AdamW_1e-05_2"
0.6592826843261719,0.7686627507209778,0.6216216087341309,0.9074479341506958,0.6060649991035462,0.8782228350639343,"512_[512, 256, 128]_0.15000000000000002_AdamW_1e-05_3"
0.7151898741722107,0.6871922612190247,0.5945945978164673,0.8348428010940552,0.6060649991035462,0.8782228350639343,"512_[512, 256, 128]_0.15000000000000002_AdamW_1e-05_4"
0.37974682450294495,1.0977540016174316,0.6071428656578064,1.0839831829071045,0.5989060521125793,0.9677557229995728,"512_[512, 256, 128]_0.2_AdamW_1e-05_0"
0.3375527560710907,1.1014268398284912,0.6576576828956604,1.0815858840942383,0.5989060521125793,0.9677557229995728,"512_[512, 256, 128]_0.2_AdamW_1e-05_1"
0.5917721390724182,0.8976240754127502,0.522522509098053,0.9550217390060425,0.5989060521125793,0.9677557229995728,"512_[512, 256, 128]_0.2_AdamW_1e-05_2"
0.7141350507736206,0.6606530547142029,0.6216216087341309,0.8624200820922852,0.5989060521125793,0.9677557229995728,"512_[512, 256, 128]_0.2_AdamW_1e-05_3"
0.6772152185440063,0.7254416942596436,0.5855855941772461,0.8557677268981934,0.5989060521125793,0.9677557229995728,"512_[512, 256, 128]_0.2_AdamW_1e-05_4"
0.33544304966926575,,0.0625,,0.06295045018196106,,"512_[512, 256, 128]_0.05_Adafactor_0.1_0"
0.33544304966926575,,0.06306306272745132,,0.06295045018196106,,"512_[512, 256, 128]_0.05_Adafactor_0.1_1"
0.3291139304637909,,0.06306306272745132,,0.06295045018196106,,"512_[512, 256, 128]_0.05_Adafactor_0.1_2"
0.3364979028701782,,0.06306306272745132,,0.06295045018196106,,"512_[512, 256, 128]_0.05_Adafactor_0.1_3"
0.33016878366470337,,0.06306306272745132,,0.06295045018196106,,"512_[512, 256, 128]_0.05_Adafactor_0.1_4"
0.3333333432674408,,0.0625,,0.06295045018196106,,"512_[512, 256, 128]_0.1_Adafactor_0.1_0"
0.33544304966926575,,0.06306306272745132,,0.06295045018196106,,"512_[512, 256, 128]_0.1_Adafactor_0.1_1"
0.3291139304637909,,0.06306306272745132,,0.06295045018196106,,"512_[512, 256, 128]_0.1_Adafactor_0.1_2"
0.33016878366470337,,0.06306306272745132,,0.06295045018196106,,"512_[512, 256, 128]_0.1_Adafactor_0.1_3"
0.33544304966926575,,0.06306306272745132,,0.06295045018196106,,"512_[512, 256, 128]_0.1_Adafactor_0.1_4"
0.3364979028701782,,0.0625,,0.06295045018196106,,"512_[512, 256, 128]_0.15000000000000002_Adafactor_0.1_0"
0.3333333432674408,,0.06306306272745132,,0.06295045018196106,,"512_[512, 256, 128]_0.15000000000000002_Adafactor_0.1_1"
0.34071728587150574,,0.06306306272745132,,0.06295045018196106,,"512_[512, 256, 128]_0.15000000000000002_Adafactor_0.1_2"
0.3280590772628784,,0.06306306272745132,,0.06295045018196106,,"512_[512, 256, 128]_0.15000000000000002_Adafactor_0.1_3"
0.3333333432674408,,0.06306306272745132,,0.06295045018196106,,"512_[512, 256, 128]_0.15000000000000002_Adafactor_0.1_4"
0.3322784900665283,,0.0625,,0.06295045018196106,,"512_[512, 256, 128]_0.2_Adafactor_0.1_0"
0.3322784900665283,,0.06306306272745132,,0.06295045018196106,,"512_[512, 256, 128]_0.2_Adafactor_0.1_1"
0.3364979028701782,,0.06306306272745132,,0.06295045018196106,,"512_[512, 256, 128]_0.2_Adafactor_0.1_2"
0.3333333432674408,,0.06306306272745132,,0.06295045018196106,,"512_[512, 256, 128]_0.2_Adafactor_0.1_3"
0.33438819646835327,,0.06306306272745132,,0.06295045018196106,,"512_[512, 256, 128]_0.2_Adafactor_0.1_4"
0.33438819646835327,,0.0625,,0.06295045018196106,,"512_[512, 256, 128]_0.05_Adafactor_0.01_0"
0.3333333432674408,,0.06306306272745132,,0.06295045018196106,,"512_[512, 256, 128]_0.05_Adafactor_0.01_1"
0.33438819646835327,,0.06306306272745132,,0.06295045018196106,,"512_[512, 256, 128]_0.05_Adafactor_0.01_2"
0.3333333432674408,,0.06306306272745132,,0.06295045018196106,,"512_[512, 256, 128]_0.05_Adafactor_0.01_3"
0.34071728587150574,,0.06306306272745132,,0.06295045018196106,,"512_[512, 256, 128]_0.05_Adafactor_0.01_4"
0.3333333432674408,,0.0625,,0.06295045018196106,,"512_[512, 256, 128]_0.1_Adafactor_0.01_0"
0.33966243267059326,,0.06306306272745132,,0.06295045018196106,,"512_[512, 256, 128]_0.1_Adafactor_0.01_1"
0.3322784900665283,,0.06306306272745132,,0.06295045018196106,,"512_[512, 256, 128]_0.1_Adafactor_0.01_2"
0.32700422406196594,,0.06306306272745132,,0.06295045018196106,,"512_[512, 256, 128]_0.1_Adafactor_0.01_3"
0.33438819646835327,,0.06306306272745132,,0.06295045018196106,,"512_[512, 256, 128]_0.1_Adafactor_0.01_4"
0.3322784900665283,,0.0625,,0.06295045018196106,,"512_[512, 256, 128]_0.15000000000000002_Adafactor_0.01_0"
0.3375527560710907,,0.06306306272745132,,0.06295045018196106,,"512_[512, 256, 128]_0.15000000000000002_Adafactor_0.01_1"
0.3322784900665283,,0.06306306272745132,,0.06295045018196106,,"512_[512, 256, 128]_0.15000000000000002_Adafactor_0.01_2"
0.33544304966926575,,0.06306306272745132,,0.06295045018196106,,"512_[512, 256, 128]_0.15000000000000002_Adafactor_0.01_3"
0.33544304966926575,,0.06306306272745132,,0.06295045018196106,,"512_[512, 256, 128]_0.15000000000000002_Adafactor_0.01_4"
0.3386076092720032,,0.0625,,0.06295045018196106,,"512_[512, 256, 128]_0.2_Adafactor_0.01_0"
0.3364979028701782,,0.06306306272745132,,0.06295045018196106,,"512_[512, 256, 128]_0.2_Adafactor_0.01_1"
0.33016878366470337,,0.06306306272745132,,0.06295045018196106,,"512_[512, 256, 128]_0.2_Adafactor_0.01_2"
0.3386076092720032,,0.06306306272745132,,0.06295045018196106,,"512_[512, 256, 128]_0.2_Adafactor_0.01_3"
0.33122363686561584,,0.06306306272745132,,0.06295045018196106,,"512_[512, 256, 128]_0.2_Adafactor_0.01_4"
0.33122363686561584,,0.0625,,0.06295045018196106,,"512_[512, 256, 128]_0.05_Adafactor_0.001_0"
0.32700422406196594,,0.06306306272745132,,0.06295045018196106,,"512_[512, 256, 128]_0.05_Adafactor_0.001_1"
0.3291139304637909,,0.06306306272745132,,0.06295045018196106,,"512_[512, 256, 128]_0.05_Adafactor_0.001_2"
0.33438819646835327,,0.06306306272745132,,0.06295045018196106,,"512_[512, 256, 128]_0.05_Adafactor_0.001_3"
0.33016878366470337,,0.06306306272745132,,0.06295045018196106,,"512_[512, 256, 128]_0.05_Adafactor_0.001_4"
0.33544304966926575,,0.0625,,0.06295045018196106,,"512_[512, 256, 128]_0.1_Adafactor_0.001_0"
0.3291139304637909,,0.06306306272745132,,0.06295045018196106,,"512_[512, 256, 128]_0.1_Adafactor_0.001_1"
0.3322784900665283,,0.06306306272745132,,0.06295045018196106,,"512_[512, 256, 128]_0.1_Adafactor_0.001_2"
0.33122363686561584,,0.06306306272745132,,0.06295045018196106,,"512_[512, 256, 128]_0.1_Adafactor_0.001_3"
0.3322784900665283,,0.06306306272745132,,0.06295045018196106,,"512_[512, 256, 128]_0.1_Adafactor_0.001_4"
0.33438819646835327,,0.0625,,0.06295045018196106,,"512_[512, 256, 128]_0.15000000000000002_Adafactor_0.001_0"
0.3333333432674408,,0.06306306272745132,,0.06295045018196106,,"512_[512, 256, 128]_0.15000000000000002_Adafactor_0.001_1"
0.3333333432674408,,0.06306306272745132,,0.06295045018196106,,"512_[512, 256, 128]_0.15000000000000002_Adafactor_0.001_2"
0.3333333432674408,,0.06306306272745132,,0.06295045018196106,,"512_[512, 256, 128]_0.15000000000000002_Adafactor_0.001_3"
0.3333333432674408,,0.06306306272745132,,0.06295045018196106,,"512_[512, 256, 128]_0.15000000000000002_Adafactor_0.001_4"
0.3322784900665283,,0.0625,,0.06295045018196106,,"512_[512, 256, 128]_0.2_Adafactor_0.001_0"
0.3333333432674408,,0.06306306272745132,,0.06295045018196106,,"512_[512, 256, 128]_0.2_Adafactor_0.001_1"
0.3386076092720032,,0.06306306272745132,,0.06295045018196106,,"512_[512, 256, 128]_0.2_Adafactor_0.001_2"
0.33438819646835327,,0.06306306272745132,,0.06295045018196106,,"512_[512, 256, 128]_0.2_Adafactor_0.001_3"
0.33438819646835327,,0.06306306272745132,,0.06295045018196106,,"512_[512, 256, 128]_0.2_Adafactor_0.001_4"
0.3333333432674408,,0.0625,,0.06295045018196106,,"512_[512, 256, 128]_0.05_Adafactor_0.0001_0"
0.3333333432674408,,0.06306306272745132,,0.06295045018196106,,"512_[512, 256, 128]_0.05_Adafactor_0.0001_1"
0.3322784900665283,,0.06306306272745132,,0.06295045018196106,,"512_[512, 256, 128]_0.05_Adafactor_0.0001_2"
0.3291139304637909,,0.06306306272745132,,0.06295045018196106,,"512_[512, 256, 128]_0.05_Adafactor_0.0001_3"
0.33016878366470337,,0.06306306272745132,,0.06295045018196106,,"512_[512, 256, 128]_0.05_Adafactor_0.0001_4"
0.3364979028701782,,0.0625,,0.06295045018196106,,"512_[512, 256, 128]_0.1_Adafactor_0.0001_0"
0.3322784900665283,,0.06306306272745132,,0.06295045018196106,,"512_[512, 256, 128]_0.1_Adafactor_0.0001_1"
0.33438819646835327,,0.06306306272745132,,0.06295045018196106,,"512_[512, 256, 128]_0.1_Adafactor_0.0001_2"
0.33438819646835327,,0.06306306272745132,,0.06295045018196106,,"512_[512, 256, 128]_0.1_Adafactor_0.0001_3"
0.3386076092720032,,0.06306306272745132,,0.06295045018196106,,"512_[512, 256, 128]_0.1_Adafactor_0.0001_4"
0.3333333432674408,,0.0625,,0.06295045018196106,,"512_[512, 256, 128]_0.15000000000000002_Adafactor_0.0001_0"
0.3333333432674408,,0.06306306272745132,,0.06295045018196106,,"512_[512, 256, 128]_0.15000000000000002_Adafactor_0.0001_1"
0.33122363686561584,,0.06306306272745132,,0.06295045018196106,,"512_[512, 256, 128]_0.15000000000000002_Adafactor_0.0001_2"
0.3364979028701782,,0.06306306272745132,,0.06295045018196106,,"512_[512, 256, 128]_0.15000000000000002_Adafactor_0.0001_3"
0.33438819646835327,,0.06306306272745132,,0.06295045018196106,,"512_[512, 256, 128]_0.15000000000000002_Adafactor_0.0001_4"
0.33438819646835327,,0.0625,,0.06295045018196106,,"512_[512, 256, 128]_0.2_Adafactor_0.0001_0"
0.33438819646835327,,0.06306306272745132,,0.06295045018196106,,"512_[512, 256, 128]_0.2_Adafactor_0.0001_1"
0.33544304966926575,,0.06306306272745132,,0.06295045018196106,,"512_[512, 256, 128]_0.2_Adafactor_0.0001_2"
0.3291139304637909,,0.06306306272745132,,0.06295045018196106,,"512_[512, 256, 128]_0.2_Adafactor_0.0001_3"
0.33544304966926575,,0.06306306272745132,,0.06295045018196106,,"512_[512, 256, 128]_0.2_Adafactor_0.0001_4"
0.3322784900665283,,0.0625,,0.06295045018196106,,"512_[512, 256, 128]_0.05_Adafactor_1e-05_0"
0.33016878366470337,,0.06306306272745132,,0.06295045018196106,,"512_[512, 256, 128]_0.05_Adafactor_1e-05_1"
0.3333333432674408,,0.06306306272745132,,0.06295045018196106,,"512_[512, 256, 128]_0.05_Adafactor_1e-05_2"
0.3375527560710907,,0.06306306272745132,,0.06295045018196106,,"512_[512, 256, 128]_0.05_Adafactor_1e-05_3"
0.3322784900665283,,0.06306306272745132,,0.06295045018196106,,"512_[512, 256, 128]_0.05_Adafactor_1e-05_4"
0.3322784900665283,,0.0625,,0.06295045018196106,,"512_[512, 256, 128]_0.1_Adafactor_1e-05_0"
0.33438819646835327,,0.06306306272745132,,0.06295045018196106,,"512_[512, 256, 128]_0.1_Adafactor_1e-05_1"
0.3333333432674408,,0.06306306272745132,,0.06295045018196106,,"512_[512, 256, 128]_0.1_Adafactor_1e-05_2"
0.3322784900665283,,0.06306306272745132,,0.06295045018196106,,"512_[512, 256, 128]_0.1_Adafactor_1e-05_3"
0.33544304966926575,,0.06306306272745132,,0.06295045018196106,,"512_[512, 256, 128]_0.1_Adafactor_1e-05_4"
0.3322784900665283,,0.0625,,0.06295045018196106,,"512_[512, 256, 128]_0.15000000000000002_Adafactor_1e-05_0"
0.33122363686561584,,0.06306306272745132,,0.06295045018196106,,"512_[512, 256, 128]_0.15000000000000002_Adafactor_1e-05_1"
0.3364979028701782,,0.06306306272745132,,0.06295045018196106,,"512_[512, 256, 128]_0.15000000000000002_Adafactor_1e-05_2"
0.3375527560710907,,0.06306306272745132,,0.06295045018196106,,"512_[512, 256, 128]_0.15000000000000002_Adafactor_1e-05_3"
0.3375527560710907,,0.06306306272745132,,0.06295045018196106,,"512_[512, 256, 128]_0.15000000000000002_Adafactor_1e-05_4"
0.3333333432674408,,0.0625,,0.06295045018196106,,"512_[512, 256, 128]_0.2_Adafactor_1e-05_0"
0.3333333432674408,,0.06306306272745132,,0.06295045018196106,,"512_[512, 256, 128]_0.2_Adafactor_1e-05_1"
0.33544304966926575,,0.06306306272745132,,0.06295045018196106,,"512_[512, 256, 128]_0.2_Adafactor_1e-05_2"
0.33016878366470337,,0.06306306272745132,,0.06295045018196106,,"512_[512, 256, 128]_0.2_Adafactor_1e-05_3"
0.33544304966926575,,0.06306306272745132,,0.06295045018196106,,"512_[512, 256, 128]_0.2_Adafactor_1e-05_4"
0.3417721390724182,7.159186840057373,0.7053571343421936,1.051920771598816,0.7104407906532287,1.0478713274002076,"512_[512, 256, 128]_0.05_Nadam_0.1_0"
0.3428269922733307,1.1059504747390747,0.7117117047309875,1.0313949584960938,0.7104407906532287,1.0478713274002076,"512_[512, 256, 128]_0.05_Nadam_0.1_1"
0.3364979028701782,1.1060982942581177,0.7117117047309875,1.0408556461334229,0.7104407906532287,1.0478713274002076,"512_[512, 256, 128]_0.05_Nadam_0.1_2"
0.34071728587150574,1.1047760248184204,0.7117117047309875,1.0768072605133057,0.7104407906532287,1.0478713274002076,"512_[512, 256, 128]_0.05_Nadam_0.1_3"
0.32700422406196594,6.57310676574707,0.7117117047309875,1.0383780002593994,0.7104407906532287,1.0478713274002076,"512_[512, 256, 128]_0.05_Nadam_0.1_4"
0.3428269922733307,5.418046474456787,0.7053571343421936,0.9887828826904297,0.7104407906532287,1.0134174823760986,"512_[512, 256, 128]_0.1_Nadam_0.1_0"
0.3470464050769806,1.1022868156433105,0.7117117047309875,0.9778827428817749,0.7104407906532287,1.0134174823760986,"512_[512, 256, 128]_0.1_Nadam_0.1_1"
0.3375527560710907,9.037811279296875,0.7117117047309875,1.0414824485778809,0.7104407906532287,1.0134174823760986,"512_[512, 256, 128]_0.1_Nadam_0.1_2"
0.33966243267059326,4.840302467346191,0.7117117047309875,1.0259337425231934,0.7104407906532287,1.0134174823760986,"512_[512, 256, 128]_0.1_Nadam_0.1_3"
0.33438819646835327,1.1100744009017944,0.7117117047309875,1.0330055952072144,0.7104407906532287,1.0134174823760986,"512_[512, 256, 128]_0.1_Nadam_0.1_4"
0.33438819646835327,1.1053842306137085,0.7053571343421936,1.0873979330062866,0.7104407906532287,1.036104190349579,"512_[512, 256, 128]_0.15000000000000002_Nadam_0.1_0"
0.30485230684280396,1.1089271306991577,0.7117117047309875,1.0603736639022827,0.7104407906532287,1.036104190349579,"512_[512, 256, 128]_0.15000000000000002_Nadam_0.1_1"
0.3628692030906677,7.7147216796875,0.7117117047309875,0.9885602593421936,0.7104407906532287,1.036104190349579,"512_[512, 256, 128]_0.15000000000000002_Nadam_0.1_2"
0.3459915518760681,1.1319504976272583,0.7117117047309875,0.981798529624939,0.7104407906532287,1.036104190349579,"512_[512, 256, 128]_0.15000000000000002_Nadam_0.1_3"
0.3333333432674408,1.101172685623169,0.7117117047309875,1.0623905658721924,0.7104407906532287,1.036104190349579,"512_[512, 256, 128]_0.15000000000000002_Nadam_0.1_4"
0.3238396644592285,1.1065266132354736,0.7053571343421936,0.9972319006919861,0.7104407906532287,1.039226520061493,"512_[512, 256, 128]_0.2_Nadam_0.1_0"
0.3196202516555786,1.1139425039291382,0.7117117047309875,1.0139522552490234,0.7104407906532287,1.039226520061493,"512_[512, 256, 128]_0.2_Nadam_0.1_1"
0.33544304966926575,5.623163223266602,0.7117117047309875,1.0551992654800415,0.7104407906532287,1.039226520061493,"512_[512, 256, 128]_0.2_Nadam_0.1_2"
0.324894517660141,1.1031322479248047,0.7117117047309875,1.0365723371505737,0.7104407906532287,1.039226520061493,"512_[512, 256, 128]_0.2_Nadam_0.1_3"
0.3122362792491913,1.1043238639831543,0.7117117047309875,1.0931768417358398,0.7104407906532287,1.039226520061493,"512_[512, 256, 128]_0.2_Nadam_0.1_4"
0.7489451766014099,0.5671949982643127,0.75,0.7615193128585815,0.7229729652404785,1.035840916633606,"512_[512, 256, 128]_0.05_Nadam_0.01_0"
0.8670886158943176,0.299696683883667,0.6576576828956604,1.6407036781311035,0.7229729652404785,1.035840916633606,"512_[512, 256, 128]_0.05_Nadam_0.01_1"
0.6455696225166321,0.7847620844841003,0.7477477192878723,0.7924726605415344,0.7229729652404785,1.035840916633606,"512_[512, 256, 128]_0.05_Nadam_0.01_2"
0.8227847814559937,0.37824752926826477,0.7477477192878723,0.9518223404884338,0.7229729652404785,1.035840916633606,"512_[512, 256, 128]_0.05_Nadam_0.01_3"
0.7616033554077148,0.5424068570137024,0.7117117047309875,1.0326865911483765,0.7229729652404785,1.035840916633606,"512_[512, 256, 128]_0.05_Nadam_0.01_4"
0.6318565607070923,0.8180068731307983,0.7678571343421936,0.7330223917961121,0.7373552083969116,1.0103015422821044,"512_[512, 256, 128]_0.1_Nadam_0.01_0"
0.6877636909484863,0.7261645197868347,0.6936936974525452,0.9175911545753479,0.7373552083969116,1.0103015422821044,"512_[512, 256, 128]_0.1_Nadam_0.01_1"
0.7394514679908752,0.5349709391593933,0.7117117047309875,1.0572898387908936,0.7373552083969116,1.0103015422821044,"512_[512, 256, 128]_0.1_Nadam_0.01_2"
0.8491561412811279,0.3184499740600586,0.7747747898101807,1.383017897605896,0.7373552083969116,1.0103015422821044,"512_[512, 256, 128]_0.1_Nadam_0.01_3"
0.752109706401825,0.5764079689979553,0.7387387156486511,0.960586428642273,0.7373552083969116,1.0103015422821044,"512_[512, 256, 128]_0.1_Nadam_0.01_4"
0.7573839426040649,0.5353896021842957,0.6964285969734192,1.0880235433578491,0.7158622860908508,1.0814737200737,"512_[512, 256, 128]_0.15000000000000002_Nadam_0.01_0"
0.7753164768218994,0.5521780252456665,0.684684693813324,1.030647873878479,0.7158622860908508,1.0814737200737,"512_[512, 256, 128]_0.15000000000000002_Nadam_0.01_1"
0.8364979028701782,0.35223352909088135,0.7297297120094299,1.3065545558929443,0.7158622860908508,1.0814737200737,"512_[512, 256, 128]_0.15000000000000002_Nadam_0.01_2"
0.7151898741722107,0.6410165429115295,0.7207207083702087,0.9283209443092346,0.7158622860908508,1.0814737200737,"512_[512, 256, 128]_0.15000000000000002_Nadam_0.01_3"
0.8270041942596436,0.41420984268188477,0.7477477192878723,1.0538216829299927,0.7158622860908508,1.0814737200737,"512_[512, 256, 128]_0.15000000000000002_Nadam_0.01_4"
0.6371307969093323,0.8014693856239319,0.7232142686843872,0.8642570376396179,0.7194176316261292,1.040220558643341,"512_[512, 256, 128]_0.2_Nadam_0.01_0"
0.7605485320091248,0.561183512210846,0.6576576828956604,0.988527238368988,0.7194176316261292,1.040220558643341,"512_[512, 256, 128]_0.2_Nadam_0.01_1"
0.7816455960273743,0.4615028202533722,0.7567567825317383,1.2868379354476929,0.7194176316261292,1.040220558643341,"512_[512, 256, 128]_0.2_Nadam_0.01_2"
0.7225738167762756,0.6287530064582825,0.7297297120094299,0.9182483553886414,0.7194176316261292,1.040220558643341,"512_[512, 256, 128]_0.2_Nadam_0.01_3"
0.753164529800415,0.5756250023841858,0.7297297120094299,1.1432322263717651,0.7194176316261292,1.040220558643341,"512_[512, 256, 128]_0.2_Nadam_0.01_4"
0.8154008388519287,0.3784673810005188,0.6785714030265808,0.9543307423591614,0.7122908473014832,0.9675795435905457,"512_[512, 256, 128]_0.05_Nadam_0.001_0"
0.6835442781448364,0.7152704000473022,0.6756756901741028,0.8121163249015808,0.7122908473014832,0.9675795435905457,"512_[512, 256, 128]_0.05_Nadam_0.001_1"
0.6413502097129822,0.7556560635566711,0.7477477192878723,0.7350108027458191,0.7122908473014832,0.9675795435905457,"512_[512, 256, 128]_0.05_Nadam_0.001_2"
0.9103375673294067,0.2127668708562851,0.7297297120094299,1.281347632408142,0.7122908473014832,0.9675795435905457,"512_[512, 256, 128]_0.05_Nadam_0.001_3"
0.8649789094924927,0.29037919640541077,0.7297297120094299,1.055092215538025,0.7122908473014832,0.9675795435905457,"512_[512, 256, 128]_0.05_Nadam_0.001_4"
0.8702531456947327,0.3138282001018524,0.7142857313156128,1.038037657737732,0.6960102915763855,1.0244940996170044,"512_[512, 256, 128]_0.1_Nadam_0.001_0"
0.7246835231781006,0.6137693524360657,0.6216216087341309,1.0017726421356201,0.6960102915763855,1.0244940996170044,"512_[512, 256, 128]_0.1_Nadam_0.001_1"
0.8649789094924927,0.30639728903770447,0.7117117047309875,0.9231401681900024,0.6960102915763855,1.0244940996170044,"512_[512, 256, 128]_0.1_Nadam_0.001_2"
0.8955696225166321,0.26354753971099854,0.7117117047309875,1.1356048583984375,0.6960102915763855,1.0244940996170044,"512_[512, 256, 128]_0.1_Nadam_0.001_3"
0.8481012582778931,0.32140228152275085,0.7207207083702087,1.02391517162323,0.6960102915763855,1.0244940996170044,"512_[512, 256, 128]_0.1_Nadam_0.001_4"
0.7626582384109497,0.5150123238563538,0.7321428656578064,0.8487939834594727,0.6995817303657532,0.9000906109809875,"512_[512, 256, 128]_0.15000000000000002_Nadam_0.001_0"
0.5084388256072998,0.9874094128608704,0.6576576828956604,0.8677692413330078,0.6995817303657532,0.9000906109809875,"512_[512, 256, 128]_0.15000000000000002_Nadam_0.001_1"
0.752109706401825,0.562050461769104,0.684684693813324,0.7910391092300415,0.6995817303657532,0.9000906109809875,"512_[512, 256, 128]_0.15000000000000002_Nadam_0.001_2"
0.8881856799125671,0.25997260212898254,0.7117117047309875,1.144168734550476,0.6995817303657532,0.9000906109809875,"512_[512, 256, 128]_0.15000000000000002_Nadam_0.001_3"
0.75,0.5802553296089172,0.7117117047309875,0.8486819863319397,0.6995817303657532,0.9000906109809875,"512_[512, 256, 128]_0.15000000000000002_Nadam_0.001_4"
0.6603375673294067,0.7827630639076233,0.6964285969734192,0.7411122918128967,0.6906370759010315,0.901937747001648,"512_[512, 256, 128]_0.2_Nadam_0.001_0"
0.7679324746131897,0.5406933426856995,0.6576576828956604,0.96402907371521,0.6906370759010315,0.901937747001648,"512_[512, 256, 128]_0.2_Nadam_0.001_1"
0.649789035320282,0.7253710627555847,0.7207207083702087,0.6966515779495239,0.6906370759010315,0.901937747001648,"512_[512, 256, 128]_0.2_Nadam_0.001_2"
0.844936728477478,0.35926538705825806,0.6666666865348816,0.9903152585029602,0.6906370759010315,0.901937747001648,"512_[512, 256, 128]_0.2_Nadam_0.001_3"
0.857594907283783,0.3018586337566376,0.7117117047309875,1.117580533027649,0.6906370759010315,0.901937747001648,"512_[512, 256, 128]_0.2_Nadam_0.001_4"
0.7921940684318542,0.47102853655815125,0.6875,0.8336644768714905,0.6726351380348206,0.8405869722366333,"512_[512, 256, 128]_0.05_Nadam_0.0001_0"
0.7542194128036499,0.6164389848709106,0.6396396160125732,0.9292269945144653,0.6726351380348206,0.8405869722366333,"512_[512, 256, 128]_0.05_Nadam_0.0001_1"
0.8069620132446289,0.459322065114975,0.684684693813324,0.8185738325119019,0.6726351380348206,0.8405869722366333,"512_[512, 256, 128]_0.05_Nadam_0.0001_2"
0.7014768123626709,0.6504775881767273,0.6756756901741028,0.7735064625740051,0.6726351380348206,0.8405869722366333,"512_[512, 256, 128]_0.05_Nadam_0.0001_3"
0.7689873576164246,0.5455686450004578,0.6756756901741028,0.8479630947113037,0.6726351380348206,0.8405869722366333,"512_[512, 256, 128]_0.05_Nadam_0.0001_4"
0.7109704613685608,0.6559454202651978,0.7053571343421936,0.7823399305343628,0.681611967086792,0.8157373547554017,"512_[512, 256, 128]_0.1_Nadam_0.0001_0"
0.7215189933776855,0.6610762476921082,0.6486486196517944,0.8742198944091797,0.681611967086792,0.8157373547554017,"512_[512, 256, 128]_0.1_Nadam_0.0001_1"
0.8059071898460388,0.4642702341079712,0.7027027010917664,0.7905967235565186,0.681611967086792,0.8157373547554017,"512_[512, 256, 128]_0.1_Nadam_0.0001_2"
0.7679324746131897,0.5415510535240173,0.6576576828956604,0.7938872575759888,0.681611967086792,0.8157373547554017,"512_[512, 256, 128]_0.1_Nadam_0.0001_3"
0.7805907130241394,0.5030085444450378,0.6936936974525452,0.8376429677009583,0.681611967086792,0.8157373547554017,"512_[512, 256, 128]_0.1_Nadam_0.0001_4"
0.6740506291389465,0.7584279179573059,0.7053571343421936,0.773432731628418,0.6780083656311036,0.7973962783813476,"512_[512, 256, 128]_0.15000000000000002_Nadam_0.0001_0"
0.7236286997795105,0.6534069180488586,0.684684693813324,0.8207882046699524,0.6780083656311036,0.7973962783813476,"512_[512, 256, 128]_0.15000000000000002_Nadam_0.0001_1"
0.6255274415016174,0.8080911636352539,0.6396396160125732,0.8003009557723999,0.6780083656311036,0.7973962783813476,"512_[512, 256, 128]_0.15000000000000002_Nadam_0.0001_2"
0.7763713002204895,0.48471328616142273,0.6936936974525452,0.8185396194458008,0.6780083656311036,0.7973962783813476,"512_[512, 256, 128]_0.15000000000000002_Nadam_0.0001_3"
0.6856539845466614,0.7086199522018433,0.6666666865348816,0.7739198803901672,0.6780083656311036,0.7973962783813476,"512_[512, 256, 128]_0.15000000000000002_Nadam_0.0001_4"
0.695147693157196,0.6820985674858093,0.6517857313156128,0.8038988709449768,0.6600868582725525,0.8015584945678711,"512_[512, 256, 128]_0.2_Nadam_0.0001_0"
0.7605485320091248,0.5906919836997986,0.6486486196517944,0.8713451623916626,0.6600868582725525,0.8015584945678711,"512_[512, 256, 128]_0.2_Nadam_0.0001_1"
0.6983122229576111,0.6827282905578613,0.6486486196517944,0.8209050297737122,0.6600868582725525,0.8015584945678711,"512_[512, 256, 128]_0.2_Nadam_0.0001_2"
0.6919831037521362,0.6928806304931641,0.6486486196517944,0.750018298625946,0.6600868582725525,0.8015584945678711,"512_[512, 256, 128]_0.2_Nadam_0.0001_3"
0.7278481125831604,0.6120948195457458,0.7027027010917664,0.7616251111030579,0.6600868582725525,0.8015584945678711,"512_[512, 256, 128]_0.2_Nadam_0.0001_4"
0.695147693157196,0.7281102538108826,0.6696428656578064,0.8335230946540833,0.6186132550239563,0.8909161329269409,"512_[512, 256, 128]_0.05_Nadam_1e-05_0"
0.6360759735107422,0.8535128831863403,0.5855855941772461,0.9893059730529785,0.6186132550239563,0.8909161329269409,"512_[512, 256, 128]_0.05_Nadam_1e-05_1"
0.697257399559021,0.7085989713668823,0.6036036014556885,0.886424720287323,0.6186132550239563,0.8909161329269409,"512_[512, 256, 128]_0.05_Nadam_1e-05_2"
0.6613923907279968,0.7510671615600586,0.6216216087341309,0.9098945260047913,0.6186132550239563,0.8909161329269409,"512_[512, 256, 128]_0.05_Nadam_1e-05_3"
0.7109704613685608,0.7099261283874512,0.6126126050949097,0.8354323506355286,0.6186132550239563,0.8909161329269409,"512_[512, 256, 128]_0.05_Nadam_1e-05_4"
0.7320675253868103,0.6560705900192261,0.6607142686843872,0.818055272102356,0.6114221334457397,0.8679020047187805,"512_[512, 256, 128]_0.1_Nadam_1e-05_0"
0.7109704613685608,0.7362330555915833,0.5855855941772461,0.8960695862770081,0.6114221334457397,0.8679020047187805,"512_[512, 256, 128]_0.1_Nadam_1e-05_1"
0.6603375673294067,0.75039142370224,0.5945945978164673,0.8998631238937378,0.6114221334457397,0.8679020047187805,"512_[512, 256, 128]_0.1_Nadam_1e-05_2"
0.6603375673294067,0.7330557703971863,0.630630612373352,0.878768801689148,0.6114221334457397,0.8679020047187805,"512_[512, 256, 128]_0.1_Nadam_1e-05_3"
0.6877636909484863,0.7288467288017273,0.5855855941772461,0.8467532396316528,0.6114221334457397,0.8679020047187805,"512_[512, 256, 128]_0.1_Nadam_1e-05_4"
0.7056962251663208,0.6807413101196289,0.6607142686843872,0.8347026109695435,0.5879987061023713,0.9143677234649659,"512_[512, 256, 128]_0.15000000000000002_Nadam_1e-05_0"
0.6677215099334717,0.7699154019355774,0.6126126050949097,0.9110766649246216,0.5879987061023713,0.9143677234649659,"512_[512, 256, 128]_0.15000000000000002_Nadam_1e-05_1"
0.6740506291389465,0.7393043637275696,0.5765765905380249,0.8930339217185974,0.5879987061023713,0.9143677234649659,"512_[512, 256, 128]_0.15000000000000002_Nadam_1e-05_2"
0.472573846578598,1.0745306015014648,0.46846845746040344,1.0948538780212402,0.5879987061023713,0.9143677234649659,"512_[512, 256, 128]_0.15000000000000002_Nadam_1e-05_3"
0.7014768123626709,0.6913613080978394,0.6216216087341309,0.8381715416908264,0.5879987061023713,0.9143677234649659,"512_[512, 256, 128]_0.15000000000000002_Nadam_1e-05_4"
0.7183544039726257,0.6698340177536011,0.6160714030265808,0.8690721392631531,0.615106177330017,0.9384419798851014,"512_[512, 256, 128]_0.2_Nadam_1e-05_0"
0.6350210905075073,0.8744131922721863,0.5765765905380249,0.9755276441574097,0.615106177330017,0.9384419798851014,"512_[512, 256, 128]_0.2_Nadam_1e-05_1"
0.6613923907279968,0.7628635168075562,0.5765765905380249,0.8966528177261353,0.615106177330017,0.9384419798851014,"512_[512, 256, 128]_0.2_Nadam_1e-05_2"
0.7046413421630859,0.6911705732345581,0.6396396160125732,0.8660725355148315,0.615106177330017,0.9384419798851014,"512_[512, 256, 128]_0.2_Nadam_1e-05_3"
0.32594937086105347,1.1018924713134766,0.6666666865348816,1.084884762763977,0.615106177330017,0.9384419798851014,"512_[512, 256, 128]_0.2_Nadam_1e-05_4"
